invoice_id,vendor_id,invoice_number,invoice_date,po_number,vendor_gstin,taxable_amount_paise,gst_rate_pct100,cgst_paise,sgst_paise,igst_paise,total_amount_paise,status,month
1,1,INV-01-M1-001,2026-07-16,PO-01-003,27AAPFS1234A1ZH,3691400,1200,221484,221484,0,4134480,UPLOADED,1
2,1,INV-01-M1-002,2026-07-05,PO-01-001,27AAPFS1234A1ZH,4561900,1200,273714,273714,0,5109328,UPLOADED,1
3,1,INV-01-M1-003,2026-07-14,PO-01-003,27AAPFS1234A1ZH,3691400,1200,221484,221484,0,4134566,UPLOADED,1
4,2,INV-02-M1-001,2026-07-15,PO-02-003,29AABCK5678B1ZF,14338300,1200,0,0,1720596,16058896,UPLOADED,1
5,2,INV-02-M1-002,2026-07-28,PO-02-003,29AABCK5678B1ZF,14338300,1200,0,0,1720596,16058896,UPLOADED,1
6,2,INV-02-M1-003,2026-07-24,PO-02-003,29AABCK5678B1ZF,14338300,1200,0,0,1720596,16058896,UPLOADED,1
7,2,INV-02-M1-004,2026-07-25,PO-02-003,29AABCK5678B1ZF,14338300,1200,0,0,1720596,16058896,UPLOADED,1
8,3,INV-03-M1-001,2026-07-10,PO-03-001,36AACCR9012C1ZQ,2506900,1200,0,0,300828,2807728,UPLOADED,1
9,3,INV-03-M1-002,2026-07-06,PO-03-002,36AACCR9012C1ZQ,2981400,1800,0,0,536652,3518052,UPLOADED,1
10,3,INV-03-M1-003,2026-07-01,PO-03-002,36AACCR9012C1ZQ,2981400,1800,0,0,536652,3518052,UPLOADED,1
11,3,INV-03-M1-004,2026-07-24,PO-03-003,36AACCR9012C1ZQ,2783900,1800,0,0,501102,3285002,UPLOADED,1
12,4,INV-04-M1-001,2026-07-25,PO-04-003,24AABCP3456D1ZS,6865300,1200,0,0,823836,7689136,UPLOADED,1
13,4,INV-04-M1-002,2026-07-17,PO-04-001,24AABCP3456D1ZS,7656000,1200,0,0,918720,8574720,UPLOADED,1
14,4,INV-04-M1-003,2026-07-28,PO-04-001,24AABCP3456D1ZS,7656000,1200,0,0,918720,8574720,UPLOADED,1
15,4,INV-04-M1-004,2026-07-10,PO-04-003,24AABCP3456D1ZS,6865300,1200,0,0,823836,7689136,UPLOADED,1
16,5,INV-05-M1-001,2026-07-12,PO-05-001,29AACSS7890E1Z1,1773100,1800,0,0,319158,2092258,UPLOADED,1
17,5,INV-05-M1-002,2026-07-18,PO-05-001,29AACSS7890E1Z1,1773100,1800,0,0,319158,2092258,UPLOADED,1
18,5,INV-05-M1-003,2026-07-01,PO-05-003,29AACSS7890E1Z1,1937800,1200,0,0,232536,2170336,UPLOADED,1
19,6,INV-06-M1-001,2026-07-01,PO-06-002,36AABCV2345F1ZJ,4247100,1800,382239,382239,0,5011578,UPLOADED,1
20,6,INV-06-M1-002,2026-07-27,PO-06-002,36AABCV2345F1ZJ,4247100,1800,0,0,764478,5011578,UPLOADED,1
21,6,INV-06-M1-003,2026-07-02,PO-06-001,36AABCV2345F1ZJ,3455600,1200,207336,207336,0,3870272,UPLOADED,1
22,6,INV-06-M1-004,2026-07-03,PO-06-003,36AABCV2345F1ZJ,3708300,1200,222498,222498,0,4153296,UPLOADED,1
23,7,INV-07-M1-001,2026-07-25,PO-07-001,33AABCL6789G1Z9,6335100,1200,0,0,760212,7095312,UPLOADED,1
24,7,INV-07-M1-002,2026-07-16,PO-07-003,33AABCL6789G1Z9,7257400,1800,0,0,1306332,8563732,UPLOADED,1
25,7,INV-07-M1-003,2026-07-09,PO-07-001,33AABCL6789G1Z9,6091500,1200,0,0,730980,6822480,UPLOADED,1
26,7,INV-07-M1-004,2026-07-25,PO-07-003,33AABCL6789G1Z9,7257400,1800,0,0,1306332,8563732,UPLOADED,1
27,8,INV-08-M1-001,2026-07-10,PO-08-003,07AABCG1234H1Z1,9718500,1200,0,0,1166220,10884720,UPLOADED,1
28,8,INV-08-M1-002,2026-07-22,PO-08-002,07AABCG1234H1Z1,12570800,1200,0,0,1508496,14079296,UPLOADED,1
29,8,INV-08-M1-003,2026-07-12,PO-08-003,07AABCG1234H1Z1,9718500,1200,0,0,1166220,10884720,UPLOADED,1
30,9,INV-09-M1-001,2026-07-15,PO-09-003,06AABCS5678I1Z0,1441600,1800,0,0,259488,1701245,UPLOADED,1
31,9,INV-09-M1-002,2026-07-11,PO-09-001,06AABCS5678I1Z0,1095300,1200,0,0,131436,1226977,UPLOADED,1
32,9,INV-09-M1-003,2026-07-19,PO-09-001,06AABCS5678I1Z0,1095300,1200,0,0,131436,1226854,UPLOADED,1
33,9,INV-09-M1-004,2026-07-21,PO-09-003,06AABCS5678I1Z0,1441600,1800,0,0,259488,1701205,UPLOADED,1
34,10,INV-10-M1-001,2026-07-03,PO-10-002,27AABCM9012J1ZG,6274500,1800,564705,564705,0,7403910,UPLOADED,1
35,10,INV-10-M1-002,2026-07-22,PO-10-002,27AABCM9012J1ZG,6274500,1800,564705,564705,0,7403910,UPLOADED,1
36,10,INV-10-M1-003,2026-07-05,PO-10-003,27AABCM9012J1ZG,5983600,1200,359016,359016,0,6701632,UPLOADED,1
37,11,INV-11-M1-001,2026-07-26,PO-11-001,08AABCA3456K1ZM,8860000,1200,0,0,1063200,9923200,UPLOADED,1
38,11,INV-11-M1-002,2026-07-26,PO-11-002,08AABCA3456K1ZM,9298600,1200,0,0,1115832,10414432,UPLOADED,1
39,11,INV-11-M1-003,2026-07-07,PO-11-002,08AABCA3456K1ZM,9298600,1200,0,0,1115832,10414432,UPLOADED,1
40,11,INV-11-M1-004,2026-07-04,PO-11-001,08AABCA3456K1ZM,8860000,1200,0,0,1063200,9923200,UPLOADED,1
41,12,INV-12-M1-001,2026-07-14,PO-12-002,29AABCD7890L1ZZ,4732800,1200,0,0,567936,5300736,UPLOADED,1
42,12,INV-12-M1-002,2026-07-02,PO-12-003,29AABCD7890L1ZZ,4636600,1200,0,0,556392,5192992,UPLOADED,1
43,12,INV-12-M1-003,2026-07-04,PO-12-003,29AABCD7890LXXX,4636600,1200,0,0,556392,5192992,UPLOADED,1
44,12,INV-12-M1-004,2026-07-11,PO-12-003,29AABCD7890L1ZZ,4636600,1200,0,0,556392,5192992,UPLOADED,1
45,13,INV-13-M1-001,2026-07-07,PO-13-001,19AABCN2345M1Z8,3129200,1800,0,0,563256,3692456,UPLOADED,1
46,13,INV-13-M1-002,2026-07-18,PO-13-001,19AABCN2345M1Z8,3129200,1800,0,0,563256,3692456,UPLOADED,1
47,13,INV-13-M1-003,2026-07-05,PO-13-002,19AABCN2345M1Z8,3527100,1200,0,0,423252,3950352,UPLOADED,1
48,14,INV-14-M1-001,2026-07-09,PO-14-001,24AABCP6789N1ZP,6768400,1800,0,0,1218312,7986712,UPLOADED,1
49,14,INV-14-M1-002,2026-07-15,PO-14-001,24AABCP6789N1ZP,6768400,1800,0,0,1218312,7986712,UPLOADED,1
50,14,INV-14-M1-003,2026-07-04,PO-14-003,24AABCP6789N1ZP,6808400,1800,0,0,1225512,8033912,UPLOADED,1
51,14,INV-14-M1-004,2026-07-27,PO-14-003,24AABCP6789N1ZP,6808400,1800,0,0,1225512,8033912,UPLOADED,1
52,15,INV-15-M1-001,2026-07-06,PO-15-001,27AABCH1234O1ZJ,2505100,1800,225459,225459,0,2956018,UPLOADED,1
53,15,INV-15-M1-002,2026-07-16,PO-15-002,27AABCH1234O1ZJ,2839400,1800,255546,255546,0,3350492,UPLOADED,1
54,15,INV-15-M1-003,2026-07-07,PO-15-002,27AABCH1234O1ZJ,2839400,1800,255546,255546,0,3350492,UPLOADED,1
