po_id,vendor_id,po_number,amount_paise,gst_rate_pct100,po_date
1,1,PO-01-001,4561900,1200,2026-06-01
2,1,PO-01-002,5303700,1800,2026-06-08
3,1,PO-01-003,3691400,1200,2026-06-24
4,2,PO-02-001,11841900,1200,2026-06-19
5,2,PO-02-002,9472800,1200,2026-06-01
6,2,PO-02-003,14338300,1200,2026-06-08
7,3,PO-03-001,2506900,1200,2026-06-18
8,3,PO-03-002,2981400,1800,2026-06-08
9,3,PO-03-003,2783900,1800,2026-06-26
10,4,PO-04-001,7656000,1200,2026-06-01
11,4,PO-04-002,8310800,1200,2026-06-26
12,4,PO-04-003,6865300,1200,2026-06-23
13,5,PO-05-001,1773100,1800,2026-06-09
14,5,PO-05-002,2063600,1200,2026-06-25
15,5,PO-05-003,1937800,1200,2026-06-03
16,6,PO-06-001,3455600,1200,2026-06-12
17,6,PO-06-002,4247100,1800,2026-06-20
18,6,PO-06-003,3708300,1200,2026-06-24
19,7,PO-07-001,6488100,1200,2026-06-13
20,7,PO-07-002,7632200,1800,2026-06-27
21,7,PO-07-003,7257400,1800,2026-06-19
22,8,PO-08-001,10878700,1200,2026-06-02
23,8,PO-08-002,12570800,1200,2026-06-25
24,8,PO-08-003,9718500,1200,2026-06-28
25,9,PO-09-001,1095300,1200,2026-06-13
26,9,PO-09-002,1413800,1800,2026-06-21
27,9,PO-09-003,1441600,1800,2026-06-06
28,10,PO-10-001,5451600,1800,2026-06-07
29,10,PO-10-002,6274500,1800,2026-06-23
30,10,PO-10-003,5983600,1200,2026-06-20
31,11,PO-11-001,8860000,1200,2026-06-18
32,11,PO-11-002,9298600,1200,2026-06-06
33,11,PO-11-003,8489300,1800,2026-06-09
34,12,PO-12-001,4379000,1200,2026-06-22
35,12,PO-12-002,4732800,1200,2026-06-08
36,12,PO-12-003,4636600,1200,2026-06-26
37,13,PO-13-001,3129200,1800,2026-06-09
38,13,PO-13-002,3527100,1200,2026-06-19
39,13,PO-13-003,3558900,1800,2026-06-07
40,14,PO-14-001,6768400,1800,2026-06-13
41,14,PO-14-002,7262300,1800,2026-06-05
42,14,PO-14-003,6808400,1200,2026-06-08
43,15,PO-15-001,2505100,1800,2026-06-24
44,15,PO-15-002,2839400,1800,2026-06-19
45,15,PO-15-003,2563500,1800,2026-06-08
