id,name,gstin,state_code
1,Sharma Traders,27AAPFS1234A1ZH,27
2,Kumar Steels,29AABCK5678B1ZF,29
3,Reddy Logistics,36AACCR9012C1ZQ,36
4,Patel Electronics,24AABCP3456D1ZS,24
5,Sri Sai Packaging,29AACSS7890E1Z1,29
6,Venkat Chemicals,36AABCV2345F1ZJ,36
7,Lakshmi Textiles,33AABCL6789G1Z9,33
8,Global Tech Supplies,07AABCG1234H1Z1,07
9,Sunrise Foods,06AABCS5678I1Z0,06
10,Metro Furniture,27AABCM9012J1ZG,27
11,Apex Auto Parts,08AABCA3456K1ZM,08
12,Delta Pharma,29AABCD7890L1ZZ,29
13,National Cables,19AABCN2345M1Z8,19
14,Pioneer Engineering,24AABCP6789N1ZP,24
15,Horizon Plastics,27AABCH1234O1ZJ,27
